{
  "setting": {},
  "condition": {
    "plugin": {
      "list": []
    },
    "game": {
      "list": []
    },
    "gamePlugin": {
      "list": []
    },
    "miniprogram": {
      "list": [
        {
          "name": "登录",
          "pathName": "pages/login/login",
          "query": "",
          "scene": null
        },
        {
          "name": "预约",
          "pathName": "pages/index/index",
          "query": "",
          "scene": null
        },
        {
          "name": "预约记录",
          "pathName": "pages/record/record",
          "query": "",
          "scene": null
        },
        {
          "name": "门票卡",
          "pathName": "pages/passCard/passCard",
          "query": "",
          "scene": null
        },
        {
          "name": "我的",
          "pathName": "pages/mine/mine",
          "query": "",
          "scene": null
        },
        {
          "name": "pages/login/login",
          "pathName": "pages/login/login",
          "query": "",
          "scene": null
        },
        {
          "name": "pages/index/index",
          "pathName": "pages/index/index",
          "query": "",
          "scene": null
        },
        {
          "name": "pages/index/index",
          "pathName": "pages/index/index",
          "query": "",
          "scene": null
        }
      ]
    }
  }
}